{
    "category": "Metadata",
    "changelog": "- Use latest API 3.2 (#49) @enter-a-random-username",
    "description": "Scrape poster images for movies, shows, and artists in your library.",
    "guid": "170a157f-ac6c-437a-abdd-ca9c25cebd39",
    "imageUrl": "https://repo.jellyfin.org/releases/plugin/images/jellyfin-plugin-fanart.png",
    "name": "Fanart",
    "overview": "Scrape poster images from Fanart",
    "owner": "jellyfin",
    "targetAbi": "10.9.10.0",
    "timestamp": "2024-09-02T17:23:26Z",
    "version": "12.0.0.0"
}